name,image
 Brick Bank,https://images.brickset.com/sets/small/10251-1.jpg?201510121127
 Volkswagen Beetle,https://images.brickset.com/sets/small/10252-1.jpg?201606140214
 Big Ben,https://images.brickset.com/sets/small/10253-1.jpg?201605190256
 Winter Holiday Train,https://images.brickset.com/sets/small/10254-1.jpg?201608110306
 XL Creative Brick Box,https://images.brickset.com/sets/small/10654-1.jpg?201609271134
 Creative Building Set,https://images.brickset.com/sets/small/10702-1.jpg?201511230710
 Creative Building Basket,https://images.brickset.com/sets/small/10705-1.jpg?201605201119
 Police Helicopter Chase,https://images.brickset.com/sets/small/10720-1.jpg?201601050913
 Iron Man vs. Loki,https://images.brickset.com/sets/small/10721-1.jpg?201601050913
 Snake Showdown,https://images.brickset.com/sets/small/10722-1.jpg?201601050913
 Ariel's Dolphin Carriage,https://images.brickset.com/sets/small/10723-1.jpg?201601050913
 Batman & Superman vs. Lex Luthor,https://images.brickset.com/sets/small/10724-1.jpg?201605201119
 Lost Temple,https://images.brickset.com/sets/small/10725-1.jpg?201601050913
 Stephanie's Horse Carriage,https://images.brickset.com/sets/small/10726-1.jpg?201605201119
 Emma's Ice Cream Truck,https://images.brickset.com/sets/small/10727-1.jpg?201605201119
 Mia's Vet Clinic,https://images.brickset.com/sets/small/10728-1.jpg?201605201119
 Cinderella's Carriage,https://images.brickset.com/sets/small/10729-1.jpg?201601050913
 Baby Animals,https://images.brickset.com/sets/small/10801-1.jpg?201511230710
 Savanna,https://images.brickset.com/sets/small/10802-1.jpg?201511230710
 Arctic,https://images.brickset.com/sets/small/10803-1.jpg?201511230710
 Jungle,https://images.brickset.com/sets/small/10804-1.jpg?201511230710
 Around the World,https://images.brickset.com/sets/small/10805-1.jpg?201601050913
 Horses,https://images.brickset.com/sets/small/10806-1.jpg?201511230710
 Horse Trailer,https://images.brickset.com/sets/small/10807-1.jpg?201511230710
 Little Plane,https://images.brickset.com/sets/small/10808-1.jpg?201511230710
